Name,Address,Phone
RR Plumbing Roto-Rooter,Unknown,9179977507
Service Experts Heating & Air Conditioning,Unknown,8665591134
Pelham Plumbing & Heating Corp,Unknown,3473452912
RR Plumbing Roto-Rooter,Unknown,9179975839
RR Plumbing Roto-Rooter,Unknown,3322645096
RR Plumbing Roto-Rooter,Unknown,9295816291
RR Plumbing Roto-Rooter,Unknown,9178142201
Roto-Rooter Plumbing & Water Cleanup,Unknown,8457438996
Roto-Rooter Plumbing & Water Cleanup,Unknown,9145371017
Roto-Rooter Plumbing & Water Cleanup,Unknown,9147302167
Roto-Rooter Plumbing & Water Cleanup,Unknown,9145951722
Roto-Rooter Plumbing & Water Cleanup,Unknown,9143035129
Roto-Rooter Plumbing & Water Cleanup,Serving theNew York Area,8458812740
Run Rite Mechanical Corp. - Air Conditioning.Heating.Ventilation,Unknown,7187178547
"Fred Smith Plumbing & Heating Co., Inc.",Unknown,2127441300
Lopez Plumbing & Heating Mechanical,Unknown,6467656232
24/7 Manhattan Plumbing NYC,Unknown,6465435763
New York Plumber,Unknown,3473827979
Hoboken Plumber Pros,Unknown,8623081036
RR Plumbing Roto-Rooter,Unknown,2126871662
Local Plumbing New York NY,Unknown,7185084834
PlumberPals,Unknown,6502739817
HBNY Plumbing & Heating,Unknown,3478307568
Quality Plumbing Service in New York NY,Unknown,7187995057
"Ariel Services, Inc.",Unknown,7185579604
Ariel Quality Plumbing,Unknown,2124332655
Sink Plumbers New York NY,Unknown,7187995057
New York Local Plumbing Contractors,Unknown,7185084834
WaterHouse Toilet Repair,Unknown,2127773002
WaterHouse Plumbing Company,Unknown,2127773003
